STT,HÁN TỰ,PINYIN,TỪ LOẠI,HÁN VIỆT,NGHĨA,ENGLISH,ÔN TẬP,CHECK,CÂU VÍ DỤ,NGHĨA CÂU
1,季节,jìjié,Danh từ,quý tiết,"mùa, vụ",season,季节,TRUE,一年有四个季节。,Một năm có bốn mùa.
2,春天,chūntiān,Danh từ,xuân thiên,mùa xuân,spring,春天,TRUE,春天花开草绿鸟唱歌。,"Mùa xuân mang đến những bông hoa nở rộ, thảm cỏ xanh mướt và tiếng chim hót líu lo."
3,夏天,xiàtiān,Danh từ,hạ thiên,"mùa hè, mùa hạ",summer,夏天,TRUE,这里的夏天热极了。,Mùa hè ở đây cực kỳ nóng.
4,秋天,qiūtiān,Danh từ,thu thiên,mùa thu,autumn,秋天,TRUE,秋天的天气不冷也不热。,Thời tiết mùa thu không quá lạnh cũng không quá nóng.
5,冬天,dōngtiān,Danh từ,đông thiên,mùa đông,winter,冬天,TRUE,去年的冬天特别冷，还有下雪呢。,"Mùa đông năm ngoái đặc biệt lạnh, thậm chí còn có tuyết rơi."
6,太阳,tàiyáng,Danh từ,thái dương,mặt trời,sun,太阳,TRUE,太阳从东边出来了。,Mặt trời mọc ở phía đông.
7,刮风,guāfēng,Động từ ly hợp,quát phong,"nổi gió, gió thổi",Wind,刮风,TRUE,外面刮大风，可能会下雨。,"Bên ngoài có gió to, có thể sẽ mưa."
8,月亮,yuèliang,Danh từ,nguyệt lượng,"mặt trăng, ánh trăng",moon,月亮,TRUE,今晚的月亮又明又大，真的让我想老家。,"Trăng đêm nay vừa sáng vừa to, thật sự khiến tôi nhớ quê nhà."
9,雨伞,yǔsǎn,Danh từ,vũ tản,"cái ô, cây dù",Umbrella,雨伞,TRUE,你出去记得带雨伞吧。,Bạn nhớ mang theo ô khi ra ngoài nha.
10,机会,jīhuì,Danh từ,cơ hội,"cơ hội, dịp, thời cơ",Chance,机会,TRUE,这是了解中国文化的好机会。,Đây là một cơ hội tuyệt vời để tìm hiểu về văn hóa Trung Quốc.
11,一直,yīzhí,Phó từ,nhất trực,"liên tục, suốt, cứ, luôn luôn",Always,一直,TRUE,外面一直下雨，我们不能去玩儿了。,"Bên ngoài trời cứ liên tục mưa suốt, chúng ta không thể đi chơi rồi."
12,又,yòu,Phó từ,hựu,"lại, vừa",again,又,TRUE,坐地铁上班又便宜又方便。,Đi tàu điện ngầm đến nơi làm việc vừa rẻ vừa tiện lợi.
13,帅,shuài,Tính từ,soái,đẹp trai,handsome,帅,TRUE,我的丈夫很帅。,Chồng tôi rất đẹp trai.
14,哇塞,wāsāi,Thán từ,oa tắc,"ồ, ôi, wow",Wow!,哇塞,TRUE,哇塞，今天天气多么好！,"Wow, một ngày thật đẹp!"
15,部,bù,Lượng từ,bộ,"phần, bộ, bộ phận",department,部,TRUE,那部电影主要讲什么？,Bộ phim đó chủ yếu nói về gì vậy?
16,生活,shēnghuó,Danh từ,sinh hoạt,"đời sống, cuộc sống",Life,生活,TRUE,每个人的生活都不一样。,Cuộc sống của mỗi người đều khác nhau.
17,湖,hú,Danh từ,hồ,"hồ, hồ nước",lake,湖,TRUE,这个湖的风景好像一张美丽的画儿。,Cảnh quan hồ này đẹp như một bức tranh.
18,西贡,xīgòng,Danh từ,tây cống,Sài Gòn,Saigon,西贡,TRUE,西贡的车太多了，真的让人累得不想出去玩儿。,Ở Sài Gòn có quá nhiều xe cộ khiến bạn mệt mỏi và không muốn ra ngoài vui chơi.
19,胡志明市,húzhìmíngshì,Danh từ,Hồ Chí Minh Thị,Thành phố Hồ Chí Minh,Ho Chi Minh City,胡志明市,TRUE,胡志明市是一个很现代的城市。,Thành phố Hồ Chí Minh là một thành phố rất hiện đại.
20,舒服,shūfu,Tính từ,thư phục,"thoải mái, dễ chịu",Comfortable,舒服,TRUE,这件衣服穿得很舒服。,Bộ trang phục này rất thoải mái khi mặc.
21,感冒,gǎnmào,Động từ,cảm mạo,bị cảm,cold,感冒,TRUE,我已经感冒了一个星期了，现在还没好。,Tôi bị cảm lạnh cả tuần nay rồi mà vẫn chưa khỏi.
22,发烧,fāshāo,Động từ ly hợp,phát thiêu,"bị sốt, sốt",fever,发烧,TRUE,儿子正发高烧，请医生来看看吧。,Con trai tôi bị sốt cao; xin hãy gọi bác sĩ đến khám.
23,检查,jiǎnchá,Động từ,kiểm tra,kiểm tra,examine,检查,TRUE,你的作业被老师检查好了吗？,Bài tập về nhà của bạn đã được giáo viên kiểm tra chưa?
24,健康,jiànkāng,Tính từ,kiện khang,khỏe mạnh,healthy,健康,TRUE,为了身体康，我们一定要多运动运动。,"Vì sức khỏe của chúng ta, chúng ta phải tập thể dục nhiều hơn."
25,担心,dānxīn,Động từ,đảm tâm,lo lắng,Worry,担心,TRUE,别担心，我没什么事儿呢。,"Đừng lo, tôi vẫn ổn."
26,最近,zuìjìn,Tính từ,tối cận,"gần đây, dạo này",recent,最近,TRUE,你最近工作怎么样？,Dạo này công việc thế nào?
27,疼,téng,Tính từ,đông,"đau, nhức, buốt",pain,疼,TRUE,每次考试后，我的头都很疼。,Tôi luôn bị đau đầu sau mỗi kỳ thi.
28,头,tóu,Danh từ,đầu,đầu,head,头,TRUE,每次考试后，我的头都很疼。,Tôi luôn bị đau đầu sau mỗi kỳ thi.
29,久,jiǔ,Tính từ,cửu,"lâu, dài",Long,久,TRUE,我们很久没见面，再见你很高兴。,"Đã lâu rồi chúng ta chưa gặp nhau, và tôi rất vui khi được gặp lại bạn."
30,片,piàn,Lượng từ,phiến,"viên, tấm, bức",piece,片,TRUE,这种药你应该吃两片，饭后吃。,Bạn nên uống hai viên thuốc này sau bữa ăn.
31,种,zhǒng,Lượng từ,chủng,"loại, kiểu, chủng loại",kind,种,TRUE,这种动物是从哪儿来的？,Con vật này đến từ đâu?
32,质量,zhìliàng,Danh từ,chất lượng,chất lượng,quality,质量,TRUE,根据哪儿些标准是我们的生活质量被评价的？,Chúng ta sử dụng những tiêu chuẩn nào để đánh giá chất lượng cuộc sống của mình?
33,带,dài,Động từ,đới,"đem, mang",bring,带,TRUE,妈妈带来很多我爱吃的水果。,Mẹ tôi mang về rất nhiều loại trái cây mà tôi thích.
34,搬,bān,Động từ,ban,"chuyển, dời",move,搬,TRUE,,
35,脸,liǎn,Danh từ,kiểm,"mặt, khuôn mặt",Face,脸,TRUE,,
36,安静,ānjìng,Tính từ,an tĩnh,"yên lặng, yên tĩnh, yên bình",Quiet,安静,TRUE,,
37,阿姨,āyí,Danh từ,a di,"cô, dì, mợ, thím, bác gái",Aunt,阿姨,TRUE,,
38,帮忙,bāngmáng,Động từ ly hợp,bang mang,giúp đỡ,help,帮忙,TRUE,,
39,需要,xūyào,Động từ,nhu yếu,cần phải,need,需要,TRUE,,
40,热情,rèqíng,Tính từ,nhiệt tình,nhiệt tình,enthusiasm,热情,TRUE,,
41,以后,yǐhòu,Danh từ,dĩ hậu,"về sau, sau này, sau khi",after,以后,TRUE,,
42,行李箱,xínglixiāng,Danh từ,hành lý tương,"vali, hành lý",suitcase,行李箱,TRUE,,
43,行为,xíngwéi,Danh từ,hành vi,hành vi,Behavior,行为,TRUE,,
44,行动,xíngdòng,Danh từ,hành động,hành động,action,行动,TRUE,,
45,银行,yínháng,Danh từ,ngân hàng,ngân hàng,bank,银行,TRUE,,
46,行业,hángyè,Danh từ,hành nghiệp,"nghề, ngành nghề",industry,行业,TRUE,,
47,其他,qítā,Đại từ,kỳ tha,"khác, cái khác",other,其他,TRUE,,
48,见面,jiànmiàn,Động từ ly hợp,kiến diện,"gặp mặt, gặp nhau",Meet,见面,TRUE,,
49,结婚,jiéhūn,Động từ ly hợp,kết hôn,"kết hôn, cưới, lấy nhau",marry,结婚,TRUE,,
50,洗澡,xǐzǎo,Động từ ly hợp,tẩy táo,"tắm, tắm rửa",bath,洗澡,TRUE,,
51,一共,yīgòng,Phó từ,nhất cộng,"tổng cộng, tất cả",Total,一共,TRUE,,
52,还是,háishi,Liên từ,hoàn thị,"hay là, hoặc",still,还是,TRUE,,
53,或者,huòzhě,Liên từ,hoặc giả,"hoặc, hay",or,或者,TRUE,,
54,光溜,guāngliū,Tính từ,quang lưu,"trơ trụi, nhẵn bóng",Smooth,光溜,TRUE,,
55,冷冰冰,lěngbīngbīng,Tính từ,lãnh băng băng,"lạnh lùng, lạnh buốt, lạnh tanh",cold,冷冰冰,TRUE,,
56,整洁,zhěngjié,Tính từ,chỉnh khiết,"ngăn nắp sạch sẽ, gọn gàng sạch sẽ",tidy,整洁,TRUE,,
57,美丽,měilì,Tính từ,mỹ lệ,"xinh đẹp, đẹp đẽ",beauty,美丽,TRUE,,
58,借,jiè,Động từ,tá,"mượn, vay",borrow,借,TRUE,,
59,世界,shìjiè,Danh từ,thế giới,thế giới,world,世界,TRUE,,
60,历史,lìshǐ,Danh từ,lịch sử,lịch sử,history,历史,TRUE,,
61,数学,shùxué,Danh từ,số học,toán học,math,数学,TRUE,,
62,体育,tǐyù,Danh từ,thể dục,thể dục,physical education,体育,TRUE,,
63,文化,wénhuà,Danh từ,văn hóa,văn hóa,culture,文化,TRUE,,
64,文学,wénxué,Danh từ,văn học,văn học,literature,文学,TRUE,,
65,化学,huàxué,Danh từ,hóa học,hóa học,Chemical,化学,TRUE,,
66,地理,dìlǐ,Danh từ,địa lý,địa lý,geography,地理,TRUE,,
67,音乐,yīnyuè,Danh từ,âm nhạc,âm nhạc,music,音乐,TRUE,,
68,发现,fāxiàn,Động từ,phát hiện,phát hiện,Discover,发现,TRUE,,
69,认真,rènzhēn,Tính từ,nhận chân,"nghiêm túc, chăm chỉ",serious,认真,TRUE,,
70,完成,wánchéng,Động từ,hoàn thành,hoàn thành,Finish,完成,TRUE,,
71,作业,zuòyè,Danh từ,tác nghiệp,bài tập về nhà,Operation,作业,TRUE,,
72,了解,liǎojiě,Động từ,liễu giải,"hiểu rõ, tìm hiểu, biết",learn,了解,TRUE,,
73,旅游,lǚyóu,Động từ,lữ du,du lịch,travel,旅游,TRUE,,
74,旅行,lǚxíng,Động từ,lữ hành,du lịch,travel,旅行,TRUE,,
75,经常,jīngcháng,Phó từ,kinh thường,thường xuyên,often,经常,TRUE,,
76,刚,gāng,Phó từ,cương,"vừa, vừa mới",Just,刚,TRUE,,
77,刚才,gāngcái,Danh từ,cương tài,"vừa nãy, lúc nãy, ban nãy",Just now,刚才,TRUE,,
78,如果,rúguǒ,Liên từ,như quả,"nếu như, nếu",if,如果,TRUE,,
79,感兴趣,gǎnxìngqù,Động từ,cảm hứng thú,"thích, có hứng thú",interested,感兴趣,TRUE,,
80,有兴趣,yǒu xìngqù,Động từ,hữu hứng thú,"thích, có hứng thú",interested in,有兴趣,TRUE,,
81,辆,liàng,Lượng từ,lượng,chiếc (xe cộ),vehicle,辆,TRUE,,
82,楼,lóu,Danh từ,lâu,"tòa nhà, lầu",building,楼,TRUE,,
83,电子,diànzǐ,Danh từ,điện tử,điện tử,electronic,电子,TRUE,,
84,电子邮件,diànzǐyóujiàn,Danh từ,điện tử bưu kiện,"email, thư điện tử",e-mail,电子邮件,TRUE,,
85,发,fā,Động từ,phát,"phát, giao, gửi",hair,发,TRUE,,
86,会议,huìyì,Danh từ,hội nghị,"cuộc họp, hội nghị",Meeting,会议,TRUE,,
87,周末,zhōumò,Danh từ,chu mạt,cuối tuần,weekend,周末,TRUE,,
88,花园,huāyuán,Danh từ,hoa viên,"vườn hoa, hoa viên",garden,花园,TRUE,,
89,超市,chāoshì,Danh từ,siêu thị,siêu thị,supermarket,超市,TRUE,,
90,同事,tóngshì,Danh từ,đồng sự,đồng nghiệp,colleague,同事,TRUE,,
91,办公室,bàngōngshì,Danh từ,biện công thất,văn phòng,office,办公室,TRUE,,
92,经理,jīnglǐ,Danh từ,kinh lý,giám đốc,manager,经理,TRUE,,
93,电梯,diàntī,Danh từ,điện thê,thang máy,elevator,电梯,TRUE,,
94,方便,fāngbiàn,Tính từ,phương tiện,"thuận tiện, tiện nghi",convenient,方便,TRUE,,
95,便宜,piányi,Tính từ,tiện nghi,"rẻ, giá rẻ",Cheap,便宜,TRUE,,
96,胖,pàng,Tính từ,bàn,"béo, mập, ú",fat,胖,TRUE,,
97,瘦,shòu,Tính từ,sấu,"gầy, ốm",thin,瘦,TRUE,,
98,米,mǐ,Lượng từ,mễ,mét (chiều dài),rice,米,TRUE,,
99,个子,gèzi,Danh từ,cá tử,"dáng người, vóc dáng",Height,个子,TRUE,,
100,矮,ǎi,Tính từ,ải,"thấp, lùn",short,矮,TRUE,,
101,鼻子,bízi,Danh từ,tị tử,cái mũi,nose,鼻子,TRUE,,
102,耳朵,ěrduo,Danh từ,nhĩ đóa,cái tai,ear,耳朵,TRUE,,
103,眼睛,yǎnjīng,Danh từ,nhãn tình,mắt,Eye,眼睛,TRUE,,
104,眼镜,yǎnjìng,Danh từ,nhãn kính,mắt kính,Glasses,眼镜,TRUE,,
105,腿,tuǐ,Danh từ,thối,chân,leg,腿,TRUE,,
106,脚,jiǎo,Danh từ,cước,bàn chân,foot,脚,TRUE,,
107,头发,tóufa,Danh từ,đầu phát,tóc,hair,头发,TRUE,,
108,嘴巴,zuǐba,Danh từ,chủy ba,"miệng, mồm",mouth,嘴巴,TRUE,,
109,甜,tián,Tính từ,điềm,ngọt,sweet,甜,TRUE,,
110,像,xiàng,Động từ,tượng,"giống, giống như",picture,像,TRUE,,
111,爬山,páshān,Động từ ly hợp,ba sơn,leo núi,climb mountains,爬山,TRUE,,
112,怎么办,zěnmebàn,Thán từ,chẩm ma biện,"phải làm sao, làm thế nào",what to do,怎么办,TRUE,,
113,一样,yīyàng,Tính từ,nhất dạng,giống nhau,Same,一样,TRUE,,
114,特点,tèdiǎn,Danh từ,đặc điểm,đặc điểm,Features,特点,TRUE,,
115,站,zhàn,Danh từ,trạm,"ga, trạm, bến xe; đứng (động từ)",stand,站,TRUE,,
116,参加,cānjiā,Động từ,tham gia,"tham gia, tham dự",join,参加,TRUE,,
117,比赛,bǐsài,Danh từ,tỉ tái,"trận đấu, cuộc thi",Contest,比赛,TRUE,,
118,讲,jiǎng,Động từ,giảng,"giảng, kể, nói",speak,讲,TRUE,,
119,骑,qí,Động từ,kỵ,"cưỡi, đi",ride,骑,TRUE,,
120,聊天儿,liáotiānr,Động từ,liêu thiên,"nói chuyện phiếm, trò chuyện, tán gẫu",Chat,聊天儿,TRUE,,
121,上网,shàngwǎng,Động từ,thượng võng,lên mạng,Internet,上网,TRUE,,
122,说话,shuōhuà,Động từ,thuyết thoại,nói chuyện,say,说话,TRUE,,
123,饱,bǎo,Tính từ,bão,"no, no nê",full,饱,TRUE,,
124,抱,bào,Động từ,bão,"ôm, ẵm, bế, bồng",hug,抱,TRUE,,
125,抱住,bàozhù,Động từ,bão trú,ôm chặt lấy,Hug,抱住,TRUE,,
126,画,huà,Động từ,họa,"vẽ, vẽ tranh",painting,画,TRUE,,
127,张,zhāng,Lượng từ,trương,"tấm, bức",open,张,TRUE,,
128,幅,fú,Lượng từ,phúc,"tấm, bức",frame,幅,TRUE,,
129,结束,jiéshù,Động từ,kết thúc,"kết thúc, chấm dứt",Finish,结束,TRUE,,
130,蓝,lán,Tính từ,lam,xanh da trời,blue,蓝,TRUE,,
131,黄,huáng,Tính từ,hoàng,vàng,yellow,黄,TRUE,,
132,绿,lǜ,Tính từ,lục,"xanh lá cây, lục",green,绿,TRUE,,
133,着,zhe,Trợ từ,trước,đang,Wearing,着,TRUE,,
134,当然,dāngrán,Phó từ,đương nhiên,"đương nhiên, tất nhiên",certainly,当然,TRUE,,
135,放,fàng,Động từ,phóng,"đặt, để",put,放,TRUE,,
136,幸福,xìngfú,Tính từ,hạnh phúc,hạnh phúc,happiness,幸福,TRUE,,
137,祝福,zhùfú,Động từ,chúc phúc,chúc phúc,bless,祝福,TRUE,,
138,条,tiáo,Lượng từ,điều,"lượng từ cho quần áo, con đường, con cá...",strip,条,TRUE,,
139,花,huā,Động từ,hoa,"tiêu, xài, dùng",flower,花,TRUE,,
140,角,jiǎo,Danh từ,giác,hào = 1/10 tệ,horn,角,TRUE,,
141,鞋子,xiézi,Danh từ,hài tử,giày,shoe,鞋子,TRUE,,
142,双,shuāng,Lượng từ,song,"đôi, hai, song",pair,双,TRUE,,
143,把,bǎ,Lượng từ,bả,"chiếc, cái (dùng cho vật có tay cầm như dù, ghế, dao...)",Bundle,把,TRUE,,
144,裙子,qúnzi,Danh từ,quần tử,váy,skirt,裙子,TRUE,,
145,裤子,kùzi,Danh từ,khố tử,quần,Pants,裤子,TRUE,,
146,衬衫,chènshān,Danh từ,sấn sam,áo sơ mi,shirt,衬衫,TRUE,,
147,冰箱,bīngxiāng,Danh từ,băng sương,tủ lạnh,refrigerator,冰箱,TRUE,,
148,冰淇淋,bīngqílín,Danh từ,băng kỳ lâm,"kem, cây kem",ice cream,冰淇淋,TRUE,,
149,蛋糕,dàngāo,Danh từ,đản cao,"bánh gato, bánh ngọt, bánh kem",cake,蛋糕,TRUE,,
150,果汁,guǒzhī,Danh từ,quả trấp,"nước ép, nước trái cây",juice,果汁,TRUE,,
151,客人,kèrén,Danh từ,khách nhân,"khách, khách hàng",guest,客人,TRUE,,
152,旅客,lǚkè,Danh từ,lữ khách,"hành khách, du khách",Passengers,旅客,TRUE,,
153,花瓶,huāpíng,Danh từ,hoa bình,"bình hoa, lọ hoa",vase,花瓶,TRUE,,
154,故事,gùshi,Danh từ,cố sự,"truyện, câu chuyện",story,故事,TRUE,,
155,宝贝,bǎobèi,Danh từ,bảo bối,bảo bối,baby,宝贝,TRUE,,
156,咱们,zánmen,Đại từ,cha môn,"chúng ta, chúng mình, bọn mình (cả người nói và người nghe)",we,咱们,TRUE,,
157,笔记本,bǐjìběn,Danh từ,bút ký bản,"vở, sổ ghi chép",notebook,笔记本,TRUE,,
158,笔记本电脑,bǐjìběndiànnǎo,Danh từ,bút ký bản điện não,"laptop, máy tính xách tay",Laptop,笔记本电脑,TRUE,,
159,自己,zìjǐ,Danh từ,tự kỷ,"bản thân, tự, tự mình",Own,自己,TRUE,,
160,办法,bànfǎ,Danh từ,biện pháp,"biện pháp, cách, cách làm",way,办法,TRUE,,
161,重要,zhòngyào,Tính từ,trọng yếu,quan trọng,important,重要,TRUE,,
162,照相机,zhàoxiàngjī,Danh từ,chiếu tướng cơ,"camera, máy ảnh",camera,照相机,TRUE,,
163,着急,zháojí,Tính từ,trước cấp,"sốt ruột, lo lắng, vội vàng",in a hurry,着急,TRUE,,
164,打算,dǎsuàn,Danh từ,đả toán,kế hoạch ,Intend,打算,TRUE,,
165,换,huàn,Động từ,hoán,"đổi, hoán đổi, thay",Change,换,TRUE,,
166,努力,nǔlì,Tính từ,nỗ lực,"nỗ lực, chăm chỉ, cố gắng",effort,努力,TRUE,,
167,司机,sījī,Danh từ,ty cơ,tài xế,driver,司机,TRUE,,
168,极了,jíle,Phó từ,cực liễu,"cực kỳ, vô cùng",Excellent,极了,TRUE,,
169,特别,tèbié,Phó từ,đặc biệt,"cực kỳ, vô cùng",special,特别,TRUE,,
170,特别是,tèbié shì,Danh từ,đặc biệt thị,"nhất là, đặc biệt là",in particular,特别是,TRUE,,
171,多么,duōme,Phó từ,đa ma,"làm sao, quá, thật",how,多么,TRUE,,
172,躺,tǎng,Động từ,thảng,nằm,lie,躺,TRUE,,
173,汤,tāng,Danh từ,thang,"canh, súp",Soup,汤,TRUE,,
174,糖,táng,Danh từ,đường,đường,sugar,糖,TRUE,,
175,记得,jìde,Động từ,ký đắc,"nhớ, nhớ là",Remember,记得,TRUE,,
176,记住,jìzhu,Động từ,ký trú,"ghi nhớ, khắc ghi",remember,记住,TRUE,,
177,忘记,wàngjì,Động từ,võng ký,"quên, lãng quên",forget,忘记,TRUE,,
178,灯,dēng,Danh từ,đăng,cái đèn,lamp,灯,TRUE,,
179,空调,kōngtiáo,Danh từ,không điều,"máy lạnh, điều hòa",air conditioner,空调,TRUE,,
180,空气,kōngqì,Danh từ,không khí,không khí,Air,空气,TRUE,,
181,离开,líkāi,Động từ,li khai,"rời xa, rời bỏ, rời đi",leave,离开,TRUE,,
182,关心,guānxīn,Động từ,quan tâm,quan tâm,care,关心,TRUE,,
183,低,dī,Tính từ,đê,thấp (dùng cho vật),Low,低,TRUE,,
184,节目,jiémù,Danh từ,tiết mục,"tiết mục, chương trình",programme,节目,TRUE,,
185,礼物,lǐwù,Danh từ,lễ vật,món quà,Gift,礼物,TRUE,,
186,旧,jiù,Tính từ,cựu,cũ (vật),old,旧,TRUE,,
187,老,lǎo,Tính từ,lão,"già, cũ (người)",old,老,TRUE,,
188,决定,juédìng,Danh từ,quyết định,quyết định,Decide,决定,TRUE,,
189,解决,jiějué,Động từ,giải quyết,giải quyết,solve,解决,TRUE,,
190,小心,xiǎoxīn,Tính từ,tiểu tâm,cẩn thận,careful,小心,TRUE,,
191,一般,yībān,Tính từ,nhất ban,thông thường,generally,一般,TRUE,,
192,年轻,niánqīng,Tính từ,niên khinh,"trẻ tuổi, còn trẻ, trẻ trung",young,年轻,TRUE,,
193,还,huán,Động từ,hoàn,"hoàn, trả",return,还,TRUE,,
194,词典,cídiǎn,Danh từ,từ điển,từ điển,dictionary,词典,TRUE,,
195,铅笔,qiānbǐ,Danh từ,diên bút,bút chì,pencil,铅笔,TRUE,,
196,黑板,hēibǎn,Danh từ,hắc bản,bảng đen,blackboard,黑板,TRUE,,
197,打扫,dǎsǎo,Động từ,đả táo,"quét dọn, dọn dẹp",clean,打扫,TRUE,,
198,变,biàn,Động từ,biến,"thay đổi, biến thành",Change,变,TRUE,,
199,变化,biànhuà,Động từ,biến hóa,"biến đổi, biến thành",change,变化,TRUE,,
200,改变,gǎibiàn,Động từ,cải biến,"thay đổi, biến đổi, thay",Change,改变,TRUE,,
201,游戏,yóuxì,Danh từ,du hí,"trò chơi, game",game,游戏,TRUE,,
202,复习,fùxí,Động từ,phúc tập,ôn tập,review,复习,TRUE,,
203,校长,xiàozhǎng,Danh từ,hiệu trưởng,hiệu trưởng,headmaster,校长,TRUE,,
204,分,fēn,Động từ,phân,"phân chia (công việc, đồ vật...)",point,分,TRUE,,
205,年级,niánjí,Danh từ,niên cấp,lớp,grade,年级,TRUE,,
206,叶子,yèzi,Danh từ,diệp tử,lá cây,leaf,叶子,TRUE,,
207,椰子,yēzi,Danh từ,gia tử,"cây dừa, quả dừa",coconut,椰子,TRUE,,
208,热闹,rènao,Tính từ,nhiệt náo,"náo nhiệt, sôi động",lively,热闹,TRUE,,
209,安静,ānjìng,Tính từ,an tĩnh,"yên lặng, yên tĩnh, yên bình",Quiet,安静,TRUE,,
210,就,jiù,Phó từ,tựu,"thì, liền, đã...",At once,就,TRUE,,
211,才,cái,Phó từ,tài,mới,talent,才,TRUE,,
212,购物车,gòuwùchē,Danh từ,cấu vật xa,giỏ hàng,shopping cart,购物车,TRUE,,
213,购物,gòuwù,Động từ,cấu vật,mua sắm,Shopping,购物,TRUE,,
214,平时,píngshí,Danh từ,bình thời,"bình thường, như thường lệ",usually,平时,TRUE,,
215,接,jiē,Động từ,tiếp,"đón, tiếp (người, điện thoại)",catch,接,TRUE,,
216,必须,bìxū,Động từ,tất tu,"phải, nhất định phải",must,必须,TRUE,,
217,附近,fùjìn,Danh từ,phụ cận,"gần đây, lân cận",nearby,附近,TRUE,,
218,信用卡,xìnyòngkǎ,Danh từ,tín dụng ca,thẻ tín dụng,credit card,信用卡,TRUE,,
219,叔叔,shūshu,Danh từ,thúc thúc,chú,uncle,叔叔,TRUE,,
220,地铁,dìtiě,Danh từ,địa thiết,tàu điện ngầm,subway,地铁,TRUE,,
221,帽子,màozi,Danh từ,mạo tử,"cái nón, mũ (lượng từ: 顶，个)",hat,帽子,TRUE,,
222,奇怪,qíguài,Tính từ,kỳ quái,"kỳ lạ, quái lạ, kỳ quái",strangeness,奇怪,TRUE,,
223,层,céng,Danh từ,tầng,tầng,layer,层,TRUE,,
224,城市,chéngshì,Danh từ,thành thị,thành phố,City,城市,TRUE,胡志明市是一个很现代的城市。,
225,农村,nóngcūn,Danh từ,nông thôn,nông thôn,rural areas,农村,TRUE,,
226,葡萄,pútao,Danh từ,bồ đào,nho,Grape,葡萄,TRUE,,
227,香蕉,xiāngjiāo,Danh từ,hương tiêu,chuối,banana,香蕉,TRUE,,
228,最后,zuìhòu,Tính từ,tối hậu,cuối cùng,at last,最后,TRUE,,
229,洗衣机,xǐyījī,Danh từ,tẩy y cơ,máy giặt,washing machine,洗衣机,TRUE,,
230,新鲜,xīnxiān,Tính từ,tân tiên,"tươi, tươi ngon; trong lành; mới mẻ",Fresh,新鲜,TRUE,,
231,草,cǎo,Danh từ,thảo,cỏ,Grass,草,TRUE,,
232,环境,huánjìng,Danh từ,hoàn cảnh,"môi trường, hoàn cảnh",environment,环境,TRUE,,
233,厨房,chúfáng,Danh từ,trù phòng,"nhà bếp, phòng phếp",kitchen,厨房,TRUE,,
234,饮料,yǐnliào,Danh từ,ẩm liệu,"đồ uống, nước uống",drinks,饮料,TRUE,,
235,啤酒,píjiǔ,Danh từ,ti tửu,bia,beer,啤酒,TRUE,,
236,红酒,hóngjiǔ,Danh từ,hồng tửu,"rượu vang, rượu đỏ",wine,红酒,TRUE,,
237,清楚,qīngchu,"Tính từ, Động từ",thanh sở,"rõ ràng, rõ; hiểu rõ, nắm rõ",clear,清楚,TRUE,,
238,船,chuán,Danh từ,thuyền,thuyền,Boat,船,TRUE,,
239,刷牙,shuāyá,Động từ,loát nha,"đánh răng, chảy răng",brush teeth,刷牙,TRUE,,
240,牙刷,yáshuā,Danh từ,nha loát,bàn chải đánh răng,toothbrush,牙刷,TRUE,,
241,答案,dáàn,Danh từ,đáp án,đáp án,Answer,答案,TRUE,,
242,回答,huídá,Động từ,hồi đáp,trả lời,answer,回答,TRUE,,
243,首先,shǒuxiān,Liên từ,thủ tiên,"đầu tiên, trước tiên",first,首先,TRUE,,
244,然后,ránhòu,Liên từ,nhiên hậu,"sau đó, tiếp đó",Then,然后,TRUE,,
245,节目,jiémù,Danh từ,tiết mục,"tiết mục, chương trình",programme,节目,TRUE,,
246,饭馆,fànguǎn,Danh từ,phạn quán,"nhà hàng, quán ăn",restaurant,饭馆,TRUE,,
247,菜单,càidān,Danh từ,thái đơn,"thực đơn, menu",menu,菜单,TRUE,,
248,筷子,kuàizi,Danh từ,khoái tử,cái đũa,Chopsticks,筷子,TRUE,,
249,盘子,pánzi,Danh từ,bàn tử,"cái đĩa, mâm",plate,盘子,TRUE,,
250,碗,wǎn,Danh từ,oản,cái bát,bowl,碗,TRUE,,
251,渴,kě,Tính từ,khát,khát nước,thirsty,渴,TRUE,,
252,饱,bǎo,Tính từ,bão,"no, no nê",full,饱,TRUE,,
253,饿,è,Tính từ,ngạ,"đói bụng, đói",Hungry,饿,TRUE,,
254,点,diǎn,Động từ,điểm,gọi món,point,点,TRUE,,
255,突然,tūrán,Phó từ,đột nhiên,"đột nhiên, bỗng nhiên",Sudden,突然,TRUE,,
256,明白,míngbai,Động từ,minh bạch,"hiểu rõ, hiểu",clear,明白,TRUE,,
257,继续,jìxù,Động từ,kế tục,tiếp tục,continue,继续,TRUE,,
258,短信,duǎnxìn,Danh từ,đoản tín,tin nhắn,Short message,短信,TRUE,,
259,沙拉,shālā,Danh từ,sa lạp,salad,salad,沙拉,TRUE,,
260,可乐,kělè,Danh từ,khả lạc,coca cola,Cola,可乐,TRUE,,
261,瓶,píng,Lượng từ,bình,"bình, chai, lọ",bottle,瓶,TRUE,,
262,应该,yīnggāi,Động từ,ưng cai,nên; chắc là,should,应该,TRUE,,
263,哭,kū,Động từ,khốc,khóc,cry,哭,TRUE,,
264,笑,xiào,Động từ,tiếu,cười,laugh,笑,TRUE,,
265,迟到,chídào,Động từ,trì đáo,"đến trễ, đi trễ, tới muộn",be late,迟到,TRUE,,
266,放心,fàngxīn,Tính từ,phóng tâm,yên tâm,rest assured,放心,TRUE,,
267,满意,mǎnyì,Tính từ,mãn ý,"hài lòng, thỏa mãn, vừa ý",satisfy,满意,TRUE,,
268,愿意,yuànyì,Động từ,nguyện ý,"nguyện ý, sẵn lòng, bằng lòng",willing,愿意,TRUE,,
269,意义,yìyì,Danh từ,ý nghĩa,ý nghĩa,significance,意义,TRUE,,
270,影响,yǐngxiǎng,Động từ,ảnh hưởng,(sự) ảnh hưởng,Influence,影响,TRUE,,
271,邻居,línjū,Danh từ,lân cư,"hàng xóm, láng giềng",Neighbor,邻居,TRUE,,
272,坏,huài,Tính từ,hoại,"xấu, hư, hỏng",bad,坏,TRUE,,
273,短,duǎn,Tính từ,đoản,ngắn,short,短,TRUE,,
274,短命,duǎnmìng,Tính từ,đoản mệnh,"đoản mệnh, chết sớm, số phận ngắn ngủi",short-lived,短命,TRUE,,
275,难过,nánguò,Tính từ,nan quá,"buồn, buồn bã",sad,难过,TRUE,,
276,注意,zhùyì,Động từ,chú ý,"chú ý, để ý",Notice,注意,TRUE,,
277,目的,mùdì,Danh từ,mục đích,mục đích,Purpose,目的,TRUE,,
278,主要,zhǔyào,Tính từ,chủ yếu,"chủ yếu, chính",main,主要,TRUE,,
279,被,bèi,Động từ,bị,"bị, được",quilt,被,TRUE,,
280,一定,yīdìng,Phó từ,nhất định,nhất định,must,一定,TRUE,,
281,总是,zǒngshì,Phó từ,tổng thị,"luôn luôn, lúc nào cũng",always,总是,TRUE,,
282,微信,wēixìn,Danh từ,vi tín,WeChat (mạng xã hội ở Trung Quốc),WeChat,微信,TRUE,,
283,扫码,sǎomǎ,Động từ,đả mã,Quét mã,Scan the code,扫码,TRUE,,
284,遇到,yùdào,Động từ,ngộ đáo,gặp,meet,遇到,TRUE,,
285,坏人,huàirén,Danh từ,hoại nhân,kẻ xấu,bad guys,坏人,TRUE,,
286,照顾,zhàogu,Động từ,chiếu cố,chăm sóc,take care of,照顾,TRUE,,
287,容易,róngyì,Tính từ,dung dịch,dễ,easy,容易,TRUE,,
288,困难,kùnnán,Danh từ,khốn nan,khó khăn,difficulty,困难,TRUE,,
289,北方,běifāng,Danh từ,bắc phương,phía bắc,north,北方,TRUE,,
290,以前,yǐqián,Danh từ,dĩ tiễn,"trước đây, trước kia",before,以前,TRUE,,
291,后来,hòulái,Danh từ,hậu lai,"sau này, sau đó",later,后来,TRUE,,
292,以后,yǐhòu,Danh từ,dĩ hậu,"sau này, sau đó",after,以后,TRUE,,
293,在一起,zài yīqǐ,Cụm từ,tại nhất khởi,Cùng nhau,Together,在一起,TRUE,,
294,分手,fēnshǒu,Động từ,phân thủ,chia tay,separate,分手,TRUE,,
295,宾馆,bīnguǎn,Danh từ,tân quán,"khách sạn, nhà khách",Hotel,宾馆,TRUE,,
296,护照,hùzhào,Danh từ,hộ chiếu,hộ chiếu,passport,护照,TRUE,,
297,酒店,jiǔdiàn,Danh từ,tựu điếm,khách sạn,hotel,酒店,TRUE,,
298,航班,hángbān,Danh từ,hàng ban,chuyến bay,flight,航班,TRUE,,
299,起飞,qǐfēi,Động từ,khởi phi,cất cánh,take off,起飞,TRUE,,
300,降落,jiàngluò,Động từ,giáng lạc,hạ cánh,landing,降落,TRUE,,
301,地址,dìzhǐ,Danh từ,địa chỉ,Địa chỉ,address,地址,TRUE,,
302,动物园,dòngwùyuán,Danh từ,động vật viên,vườn thú,zoo,动物园,TRUE,,
303,动物,dòngwù,Danh từ,động vật,động vật,animal,动物,TRUE,,
304,熊猫,xióngmāo,Danh từ,hùng miêu,gấu trúc,panda,熊猫,TRUE,,
305,鸟,niǎo,Danh từ,điểu,chim,bird,鸟,TRUE,,
306,王子,wángzǐ,Danh từ,vương tử,hoàng tử,prince,王子,TRUE,,
307,福宝,fúbǎo,Danh từ,phúc bảo,Phúc Bảo,Fu Bao,福宝,TRUE,,
308,出现,chūxiàn,Động từ,xuất hiện,Xuất hiện,Appear,出现,TRUE,,
309,聪明,cōngming,Tính từ,thông minh,thông minh,clever,聪明,TRUE,,
310,害怕,hàipà,Tính từ,hại phạ,sợ hãi,Fear,害怕,TRUE,,
311,地图,dìtú,Danh từ,địa đồ,bản đồ,map,地图,TRUE,,
312,国家,guójiā,Danh từ,quốc gia,Quốc gia,nation,国家,TRUE,,
313,声音,shēngyīn,Danh từ,thanh âm,âm thanh,sound,声音,TRUE,,
314,段,duàn,Lượng từ,đoạn,"đoạn, khoảng (đường, thời gian, ...)",part,段,TRUE,,
315,分享,fēnxiǎng,Động từ,phân hưởng,chia sẻ,share,分享,TRUE,,
316,除了……以外,chúle   yǐwài,Cụm từ,trừ liễu...dĩ ngoại,Bên cạnh đó...,Besides...,除了……以外,TRUE,,
317,不但……而且,bùdàn   érqiě,Cụm từ,bất đãn...nhi thả,Không chỉ... mà còn,Not only... but also,不但……而且,TRUE,,
318,情况,qíngkuàng,Danh từ,tình trạng,Tình trạng,Condition,情况,TRUE,,
319,终于,zhōngyú,Phó từ,chung vu,Cuối cùng,finally,终于,TRUE,,
320,根据,gēnjù,Phó từ,căn cứ,"dựa vào, căn cứ vào, theo",according to,根据,TRUE,,
321,街道,jiēdào,Danh từ,nhai đạo,đường phố,street,街道,TRUE,,
322,练习,liànxí,Động từ,luyện tập,luyện tập,practise,练习,TRUE,,
323,锻炼,duànliàn,Động từ,đoạn luyện,"tập luyện, rèn luyện, tập thể dục",exercise,锻炼,TRUE,,
324,万,wàn,Danh từ,vạn,Mười nghìn,Ten thousand,万,TRUE,,
325,词语,cíyǔ,Danh từ,từ ngữ,từ,words,词语,TRUE,,
326,句子,jùzi,Danh từ,cú tử,câu,sentence,句子,TRUE,,
327,相信,xiāngxìn,Động từ,tương tín,tin tưởng,believe,相信,TRUE,,
328,新闻,xīnwén,Danh từ,tân văn,tin tức,news,新闻,TRUE,,
329,习惯,xíguàn,Danh từ,tập quán,Thói quen,Habit,习惯,TRUE,,
330,内容,nèiróng,Danh từ,nội dung,nội dung,content,内容,TRUE,,
331,要求,yāoqiú,Danh từ,yêu cầu,Yêu cầu,Require,要求,TRUE,,
332,地球,dìqiú,Danh từ,địa cầu,Trái đất,Earth,地球,TRUE,,
333,简单,jiǎndān,Tính từ,giản đơn,Đơn giản,Simple,简单,TRUE,,
334,提高,tígāo,"Động từ, Danh từ",đề cao,"nâng cao, cải thiện",improve,提高,TRUE,,
335,水平,shuǐpíng,Danh từ,thủy bình,"trình độ, mức độ, mức",level,水平,TRUE,,
336,只要……就,zhǐyào   jiù,Cụm từ,chỉ yếu...tựu,chỉ cần...thì,As long as...,只要……就,TRUE,,
337,只有……才,zhǐyǒu   cái,Cụm từ,chỉ hữu...tài,Chỉ có...mới,Only...,只有……才,TRUE,,
338,几乎,jīhū,Phó từ,cơ hồ,hầu hết,almost,几乎,TRUE,,
339,所有,suǒyǒu,Danh từ,sở hữu,tất cả,all,所有,TRUE,,
340,全,quán,Tính từ,toàn,"toàn, toàn bộ",Complete,全,TRUE,,
341,安全,ānquán,Tính từ,an toàn,an toàn,Safety,安全,TRUE,,
342,其实,qíshí,Phó từ,kỳ thực,Thực ra,actually,其实,TRUE,,
343,高考,gāokǎo,Danh từ,cao khảo,Kỳ thi tuyển sinh đại học,College Entrance Examination,高考,TRUE,,
344,开心,kāixīn,Tính từ,khai tâm,vui mừng,happy,开心,TRUE,,
345,了不起,liǎobuqǐ,Tính từ,liễu bất khởi,"giỏi, tài ba, to tát",amazing,了不起,TRUE,,
346,辛苦,xīnkǔ,Tính từ,tân khổ,vất vả,Hard,辛苦,TRUE,,
347,成绩,chéngjì,Danh từ,thành tích,"thành tích, thành tựu, kết quả",score,成绩,TRUE,,
348,差,chā,Tính từ,sai,kém,Difference,差,TRUE,,
349,刻,kè,Danh từ,khắc,chạm khắc,carve,刻,TRUE,,
350,表示,biǎoshì,Động từ,biểu thị,"biểu thị, thể hiện",express,表示,TRUE,,
351,感谢,gǎnxiè,Động từ,cảm tạ,"cảm ơn, cảm tạ",grateful,感谢,TRUE,,
352,欢迎,huānyíng,Động từ,hoan nghênh,Chào mừng,welcome,欢迎,TRUE,,
353,相同,xiāngtóng,Tính từ,tương đồng,"như nhau, giống nhau, tương đồng",same,相同,TRUE,,
354,过去,guòqu,Danh từ,quá khứ,quá khứ,past,过去,TRUE,,
355,将来,jiānglái,Danh từ,tương lai,tương lai,future,将来,TRUE,,
356,消息,xiāoxi,Danh từ,tiêu tức,"thông tin, tin tức",information,消息,TRUE,,
357,原来,yuánlái,Phó từ,nguyên lai,hóa ra là,turn out to be,原来,TRUE,,
358,或许,huòxǔ,Phó từ,hoặc hứa,có lẽ,perhaps,或许,TRUE,,
359,认为,rènwéi,Động từ,nhận vi,"cho rằng, nghĩ rằng",think,认为,TRUE,,
360,以为,yǐwéi,Động từ,dĩ vi,"tưởng là, tưởng rằng",Think,以为,TRUE,,
361,方法,fāngfǎ,Danh từ,phương pháp,phương pháp,method,方法,TRUE,,
362,更,gēng,Phó từ,canh,"càng, hơn",Even,更,TRUE,,
363,带来,dàilái,Động từ,đới lai,"mang đến, đem lại",bring,带来,TRUE,,
364,听力,tīnglì,Danh từ,thính lực,"năng lực nghe, thính lực",hearing,听力,TRUE,,
365,阅读,yuèdú,Danh từ,duyệt độc,đọc hiểu,read,阅读,TRUE,,
366,同意,tóngyì,Động từ,đồng ý,đồng ý,agree,同意,TRUE,,
367,愿意,yuànyì,Động từ,nguyện ý,"sẵn lòng, bằng lòng, nguyện ý",willing,愿意,TRUE,,
368,留学,liúxué,Động từ,lưu học,Du học,Study abroad,留学,TRUE,,
369,敢,gǎn,Động từ,cảm,dám,dare,敢,TRUE,,
370,普通话,pǔtōnghuà,Danh từ,phổ thông thoại,"Tiếng Phổ Thông, Quan Thoại, Mandarin",mandarin,普通话,TRUE,,
371,祝,zhù,Động từ,chúc,"chúc, cầu chúc",wish,祝,TRUE,,
372,选择,xuǎnzé,Động từ,tuyển trạch,chọn,choose,选择,TRUE,,
373,作用,zuòyòng,Danh từ,tác dụng,tác dụng,effect,作用,TRUE,,
374,关于,guānyú,Trạng từ,quan vu,Về,about,关于,TRUE,,
375,举行,jǔxíng,Động từ,cử hành,"tiến hành, cử hành, tổ chức",Hold,举行,TRUE,,
376,首都,shǒudū,Danh từ,thủ đô,thủ đô,capital,首都,TRUE,,
377,德,dé,Danh từ,đức,Đức,Germany,德,TRUE,,
378,道德,dàodé,Danh từ,đạo đức,Đạo đức,Morality,道德,TRUE,,
379,得到,dédào,Động từ,đắc đáo,đạt được,get,得到,TRUE,,
380,市场,shìchǎng,Danh từ,thị trường,"chợ, thị trường",market,市场,TRUE,,
381,使,shǐ,Động từ,sứ,"làm cho, khiến cho",make,使,TRUE,,
382,叫,jiào,Động từ,khiếu,"bảo, yêu cầu; bị, được",Call,叫,TRUE,,
383,让,ràng,Động từ,nhượng,"làm, khiến, bảo, yêu cầu",let,让,TRUE,,
384,法律,fǎlǜ,Danh từ,pháp luật,pháp luật,law,法律,TRUE,,
385,律师,lǜshī,Danh từ,luật sư,luật sư,lawyer,律师,TRUE,,
386,流利,liúlì,Tính từ,lưu lợi,thông thạo,fluent,流利,TRUE,,
387,飞行员,fēixíngyuán,Danh từ,phi hành viên,phi công,pilot,飞行员,TRUE,,
388,服务员,fúwùyuán,Danh từ,phục vụ viên,nhân viên phục vụ,waiter,服务员,TRUE,,
389,法院,fǎyuàn,Danh từ,pháp viện,tòa án,court,法院,TRUE,,
390,公安,gōngān,Danh từ,công an,công an,public security,公安,TRUE,,
391,成功,chénggōng,Tính từ,thành công,thành công,success,成功,TRUE,,
392,秘书,mìshū,Danh từ,bí thư,thư ký,secretary,秘书,TRUE,,
393,老板,lǎobǎn,Danh từ,lão bản,ông chủ,boss,老板,TRUE,,
394,经理,jīnglǐ,Danh từ,kinh lý,giám đốc,manager,经理,TRUE,,
395,春节,chūnjié,Danh từ,xuân tiết,"tết, tết Nguyên đán",Spring Festival,春节,TRUE,,
396,请假,qǐngjià,Động từ ly hợp,thỉnh giá,Xin nghỉ phép,Ask for leave,请假,TRUE,,
397,放假,fàngjià,Động từ ly hợp,phóng giá,nghỉ lễ,Have a holiday,放假,TRUE,,
398,越,yuè,Phó từ,việt,càng,cross,越,TRUE,,
399,睡着,shuìzháo,Danh từ,thụy trước,"ngủ, ngủ thiếp đi ",sleep,睡着,TRUE,,
400,中介,zhōngjiè,Danh từ,trung gian,người trung gian,intermediary,中介,TRUE,,
401,云,yún,Danh từ,vân,đám mây,cloud,云,TRUE,,
402,长,cháng,Tính từ,trường,dài,long,长,TRUE,,
403,关系,guānxi,Danh từ,quan hệ,mối quan hệ,relation,关系,TRUE,,
404,为了,wèile,Danh từ,vị liễu,"vì, để",for,为了,TRUE,,
405,为,wéi,Danh từ,vị,vì,for,为,TRUE,,
406,特点,tèdiǎn,Danh từ,đặc điểm,đặc điểm,Features,特点,TRUE,,
407,黄河,huánghé,Danh từ,hoàng hà,Sông Hoàng Hà,Yellow River,黄河,TRUE,,
408,真正,zhēnzhèng,Tính từ,chân chính,"chân chính, thật, thật sự",real,真正,TRUE,,
409,多么,duōme,Danh từ,đa ma,Làm sao,how,多么,TRUE,,
410,在身边,zài shēnbiān,Cụm từ,tại thân biên,ở bên cạnh,Beside,在身边,TRUE,,
411,经过,jīngguò,Động từ,kinh quá,"đi qua, trải qua",go through,经过,TRUE,,
412,厉害,lìhai,Tính từ,lệ hại,"lợi hại, giỏi, ghê gớm",sharp,厉害,TRUE,,
413,星星,xīngxing,Danh từ,tinh tinh,Ngôi sao,Star,星星,TRUE,,
414,皮鞋,píxié,Danh từ,bì hài,giày da,leather shoes,皮鞋,TRUE,,
415,长期,chángqī,"Tính từ, Danh từ",trường kỳ,"dài, trường kỳ; thời gian dài",long,长期,TRUE,,
416,标准,biāozhǔn,Danh từ,tiêu chuẩn,tiêu chuẩn,standard,标准,TRUE,,
417,成长,chéngzhǎng,Động từ,thành trưởng,lớn lên,growing up,成长,TRUE,,
418,感觉,gǎnjué,Động từ,cảm giác,Cảm thấy,Feel,感觉,TRUE,,
419,感情,gǎnqíng,Danh từ,cảm tình,"tình cảm, cảm xúc",emotion,感情,TRUE,,
420,好像,hǎoxiàng,Động từ,hảo tượng,"giống, giống như; dường như, hình như (phó từ)",like,好像,TRUE,,
421,故乡,gùxiāng,Danh từ,cố hương,"quê hương, cố hương",home,故乡,TRUE,,
422,老家,lǎojiā,Danh từ,lão gia,quê hương,hometown,老家,TRUE,,
423,人员,rényuán,Danh từ,nhân viên,nhân viên,personnel,人员,TRUE,,
424,运动员,yùndòngyuán,Danh từ,vận động viên,vận động viên,athlete,运动员,TRUE,,
425,坚持,jiānchí,Tính từ,kiên trì,kiên trì,persist in,坚持,TRUE,,
426,经济,jīngjì,Danh từ,kinh tế,kinh tế,economy,经济,TRUE,,
427,警察,jǐngchá,Danh từ,cảnh sát,cảnh sát,police,警察,TRUE,,
428,就是,jiùshì,Danh từ,tựu thị,tức là,that is,就是,TRUE,,
429,有空儿,yǒu kòngr,Tính từ,hữu không,"rảnh, có thời gian rảnh",When you have time,有空儿,TRUE,,
430,慢慢,mànmàn,Phó từ,mạn mạn,"từ từ, dần dần",Slowly,慢慢,TRUE,,
431,美好,měihǎo,Tính từ,mỹ hảo,"tốt, tốt đẹp",good,美好,TRUE,,
432,正确,zhèngquè,Tính từ,chính xác,"đúng, chính xác",correct,正确,TRUE,,
433,目标,mùbiāo,Danh từ,mục tiêu,Mục tiêu,Target,目标,TRUE,,
434,死,sǐ,Động từ,tử,chết,die,死,TRUE,,
435,自然,zìrán,Danh từ,tự nhiên,"thiên nhiên, tự nhiên",nature,自然,TRUE,,
436,游泳馆,yóuyǒngguǎn,Danh từ,du vịnh quán,Hồ bơi,Swimming pool,游泳馆,TRUE,,
437,主要是因为,zhǔyào shìyīnwéi,Cụm từ,chủ yếu thị nhân vị,Chủ yếu là vì,Mainly because,主要是因为,TRUE,,
438,表演,biǎoyǎn,Danh từ,biểu diễn,"buổi diễn, màn trình diễn",Performance,表演,TRUE,,
439,表演,biǎoyǎn,Động từ,biểu diễn,"biểu diễn, trình diễn",Performance,表演,TRUE,,
440,零钱,língqián,Danh từ,linh tiền,tiền lẻ,small change,零钱,TRUE,,
441,许,xǔ,Phó từ,hứa,"có lẽ, có thể",May,许,TRUE,,
442,人们,rénmen,Danh từ,nhân môn,"mọi người, người ta",people,人们,TRUE,过去的人们没有现在的住的长。,Người xưa không sống thọ như người nay.
443,脸色,liǎnsè,Danh từ,kiểm sắc,"sắc mặt, thần sắc, vẻ mặt",complexion,脸色,TRUE,你的脸色看起来不太好，有什么事吗？,"Sắc mặt của bạn trông có vẻ không tốt, có chuyện gì sao?"
444,班长,bānzhǎng,Danh từ,ban trưởng,lớp trưởng,Squad Leader,班长,TRUE,我们班的班长喜欢帮助别人。,Lớp trưởng của chúng tôi thích giúp đỡ người khác.
445,名人,míngrén,Danh từ,danh nhân,người nổi tiếng,celebrity,名人,TRUE,我们在这段街道可以遇到很多名人。,Chúng ta có thể bắt gặp rất nhiều người nổi tiếng trên con phố này.
446,难忘,nánwàng,Tính từ,nan vong,"khó quên, đáng nhớ",memorable,难忘,TRUE,这个节日的表演很难忘。,Các màn trình diễn tại lễ hội này thật khó quên.
447,不同,bùtóng,Tính từ,bất đồng,khác nhau,different,不同,TRUE,我想了解不同国家的文化。,Tôi muốn tìm hiểu về văn hóa của các quốc gia khác nhau.
448,丰富,fēngfù,Tính từ,phong phú,"phong phú, nhiều",Rich,丰富,TRUE,我们国家的历史文化非常丰富。,Đất nước chúng ta có một lịch sử và nền văn hóa rất phong phú.
449,丰富,fēngfù,Động từ,phong phú,"làm phong phú, làm giàu thêm",Rich,丰富,TRUE,看书必须丰富我们的知识。,Đọc sách là điều thiết yếu để làm giàu kiến ​​thức của chúng ta.
450,派对,pàiduì,Danh từ,phái đối,"tiệc, bữa tiệc, party",party,派对,TRUE,她请我明天参加她的生日派对。,Cô ấy mời tôi đến dự tiệc sinh nhật của cô ấy vào ngày mai.
451,时光,shíguāng,Danh từ,thời quang,"thời gian, ngày tháng, năm tháng",Time,时光,TRUE,这段时光让我真难忘。,Khoảng thời gian này khiến tôi thật khó quên.
452,现代,xiàndài,Tính từ,hiện đại,hiện đại,modern,现代,TRUE,胡志明市是一个很现代的城市。,
453,广州,guǎngzhōu,Danh từ,Quảng Châu ,"Quảng Châu (tp thuộc tỉnh Quảng Đông, ZhongGuo)",Guangzhou,广州,TRUE,,
454,心疼,xīnténg,Động từ,tâm đông,"thương, đau lòng, xót",Heartache,心疼,TRUE,,
455,早出晚归,zǎochūwǎnguī,Cụm từ,,đi sớm về khuya,Early to work and late to return,早出晚归,TRUE,,
456,消防员,xiāofángyuán,Danh từ,tiêu phòng viên,lính cứu hỏa,firefighters,消防员,TRUE,,
457,耐心,nàixīn,Tính từ,nại tâm,"kiên trì, nhẫn nại, kiên nhẫn",patience,耐心,TRUE,,
458,解释,jiěshì,Động từ,giải thích,"giải thích, giảng giải",explain,解释,TRUE,,
459,放弃,fàngqì,Động từ,phóng khí,"từ bỏ, vứt bỏ",give up,放弃,TRUE,,
460,味道,wèidao,Danh từ,vị đạo,"mùi vị, vị",smell,味道,TRUE,,
461,口味,kǒuwèi,Danh từ,khẩu vị,"khẩu vị; mùi vị, hương vị",taste,口味,TRUE,,
462,睡不着觉,shuìbuzháo jué,Cụm từ,,không ngủ được,Can't sleep,睡不着觉,TRUE,,
463,对我来说,duì wǒ láishuō,Cụm từ,,Đối với tôi mà nói,for me,对我来说,TRUE,,
464,入睡,rùshuì,Động từ,nhập thụy,"ngủ, đi vào giấc ngủ",Falling asleep,入睡,TRUE,,
465,讨厌,tǎoyàn,Động từ,thảo yếm,"ghét, không thích; đáng ghét (adj)",Hate,讨厌,TRUE,,
466,适合,shìhé,Động từ,thích hợp,"thích hợp, phù hợp + N",Suitable,适合,TRUE,,
467,心事,xīnshì,Danh từ,tâm sự,"tâm sự, nỗi lòng",Heartache,心事,TRUE,,
468,风景,fēngjǐng,Danh từ,phong cảnh,phong cảnh,landscape,风景,TRUE,,
469,樱花,yīnghuā,Danh từ,anh hoa,hoa anh đào,Cherry blossoms,樱花,TRUE,,
470,富士山,fùshìshān,Danh từ,Phú Sĩ Sơn,núi Phú Sĩ,Mount Fuji,富士山,TRUE,,
471,体验,tǐyàn,Động từ,thể nghiệm,trải nghiệm,Experience,体验,TRUE,,
472,美景,měijǐng,Danh từ,mỹ cảnh,cảnh đẹp,Beautiful scenery,美景,TRUE,,
473,来自,láizì,Động từ,lai tự,đến từ,From,来自,TRUE,,
474,散步,sànbù,Động từ,tán bộ,"đi bộ, đi dạo, tản bộ",walk,散步,TRUE,,
475,漫画,mànhuà,Danh từ,mạn họa,truyện tranh,comics,漫画,TRUE,,